{
	"info": {
		"_postman_id": "df03e526-a1dc-4bb7-91a4-9d63d6edc75e",
		"name": "location",
		"schema": "https://schema.getpostman.com/json/collection/v2.1.0/collection.json"
	},
	"item": [
		{
			"name": "post",
			"request": {
				"method": "POST",
				"header": [],
				"body": {
					"mode": "raw",
					"raw": "{\r\n    \"name\" :\"Mike\",\r\n    \"role\" : \"user\",\r\n    \"mobile\" : \"9046082111\",\r\n    \"location\" : \r\n        { \"lat\": 18.5204297, \"lng\": 73.8442615}\r\n}",
					"options": {
						"raw": {
							"language": "json"
						}
					}
				},
				"url": {
					"raw": "localhost:8080/users",
					"host": [
						"localhost"
					],
					"port": "8080",
					"path": [
						"users"
					]
				}
			},
			"response": []
		},
		{
			"name": "Admin Reocrd!",
			"request": {
				"method": "POST",
				"header": [],
				"body": {
					"mode": "raw",
					"raw": "{\r\n    \"name\" :\"Kishori\",\r\n    \"mobile\" : \"8899113311\",\r\n    \"role\" : \"Admin\",\r\n    \"location\" : \r\n        { \"lat\": 19.076090, \"lng\": 72.877426}\r\n    }\r\n",
					"options": {
						"raw": {
							"language": "json"
						}
					}
				},
				"url": {
					"raw": "localhost:8080/admin",
					"host": [
						"localhost"
					],
					"port": "8080",
					"path": [
						"admin"
					]
				}
			},
			"response": []
		},
		{
			"name": "ReadAll",
			"request": {
				"method": "GET",
				"header": [],
				"url": {
					"raw": "localhost:8080/admin/getAllData",
					"host": [
						"localhost"
					],
					"port": "8080",
					"path": [
						"admin",
						"getAllData"
					]
				}
			},
			"response": []
		},
		{
			"name": "newRequest",
			"request": {
				"method": "POST",
				"header": [],
				"body": {
					"mode": "raw",
					"raw": "{\r\n    \"name\" :\"Dranken\",\r\n    \"mobile\" : 343,\r\n    \"role\" : \"Admin\",\r\n    \"location\" : []\r\n}",
					"options": {
						"raw": {
							"language": "json"
						}
					}
				},
				"url": {
					"raw": "localhost:8080/admin",
					"host": [
						"localhost"
					],
					"port": "8080",
					"path": [
						"admin"
					]
				}
			},
			"response": []
		},
		{
			"name": "read by id:",
			"request": {
				"method": "GET",
				"header": [],
				"url": {
					"raw": "localhost:8080/users/nearbyUsers/61e8e8f791277fe0730ee2fb",
					"host": [
						"localhost"
					],
					"port": "8080",
					"path": [
						"users",
						"nearbyUsers",
						"61e8e8f791277fe0730ee2fb"
					]
				}
			},
			"response": []
		},
		{
			"name": "user2REcord",
			"request": {
				"method": "POST",
				"header": [],
				"body": {
					"mode": "raw",
					"raw": "{\r\n    \"name\" :\"Ramesh\",\r\n    \"role\" : \"user\",\r\n    \"mobile\" : \"9046082222\",\r\n    \"location\" : \r\n        { \"lat\": 18.5204297, \"lng\": 73.8442615}\r\n}",
					"options": {
						"raw": {
							"language": "json"
						}
					}
				},
				"url": {
					"raw": "localhost:8080/users",
					"host": [
						"localhost"
					],
					"port": "8080",
					"path": [
						"users"
					]
				}
			},
			"response": []
		},
		{
			"name": "User3REcord",
			"request": {
				"method": "POST",
				"header": [],
				"body": {
					"mode": "raw",
					"raw": "{\r\n    \"name\" :\"Suresh\",\r\n    \"role\" : \"user\",\r\n    \"mobile\" : \"9046082999\",\r\n    \"location\" : \r\n        { \"lat\": 18.5994774, \"lng\": 73.6821993}\r\n}",
					"options": {
						"raw": {
							"language": "json"
						}
					}
				},
				"url": {
					"raw": "localhost:8080/users",
					"host": [
						"localhost"
					],
					"port": "8080",
					"path": [
						"users"
					]
				}
			},
			"response": []
		}
	]
}